﻿<?xml version="1.0" encoding="utf-8"?>
<deployment>
  <id>4c51df87-701e-4e62-95c0-3601bca9a135</id>
  <author>N/A</author>
  <deployer>OneDeploy</deployer>
  <authorEmail>N/A</authorEmail>
  <message>OneDeploy</message>
  <progress></progress>
  <status>Failed</status>
  <statusText></statusText>
  <lastSuccessEndTime />
  <receivedTime>2025-10-22T09:27:03.898344Z</receivedTime>
  <startTime>2025-10-22T09:27:05.9336746Z</startTime>
  <endTime>2025-10-22T09:27:28.4447502Z</endTime>
  <complete>True</complete>
  <is_temp>False</is_temp>
  <is_readonly>True</is_readonly>
  <buildSummary />
</deployment>