﻿<?xml version="1.0" encoding="utf-8"?>
<deployment>
  <id>2e50a070-7aa1-4b20-9f1a-7f9af918a17b</id>
  <author>N/A</author>
  <deployer>OneDeploy</deployer>
  <authorEmail>N/A</authorEmail>
  <message>OneDeploy</message>
  <progress></progress>
  <status>Success</status>
  <statusText></statusText>
  <lastSuccessEndTime>2025-10-22T09:59:15.195964Z</lastSuccessEndTime>
  <receivedTime>2025-10-22T09:58:49.1792464Z</receivedTime>
  <startTime>2025-10-22T09:58:51.4733567Z</startTime>
  <endTime>2025-10-22T09:59:15.195964Z</endTime>
  <complete>True</complete>
  <is_temp>False</is_temp>
  <is_readonly>True</is_readonly>
  <buildSummary />
</deployment>