<step title="Incoming Request" date="2025-10-22T09:58:38.817" instance="f20fe8" url="/api/publish?type=zip" method="POST" type="request" pid="774,1,15" Accept="*/*" Host="microhack-dev-app.scm.azurewebsites.net" User-Agent="AZURECLI/2.78.0 (MSI)" Accept-Encoding="gzip, deflate" Authorization="Bas..." Cache-Control="no-cache" Content-Type="application/octet-stream" Cookie="ARRAffinity=f20fe810224d364e4279d1d97f3c452458e8d39011dcabb935046bd36e0b8b30; ARRAffinitySameSite=f20fe810224d364e4279d1d97f3c452458e8d39011dcabb935046bd36e0b8b30" Content-Length="711707" x-ms-client-request-id="a6741100-af2d-11f0-a11b-5084928b096f" x-ms-artifact-checksum="42bab8e5d821c88cc8097bb24853afd29b0d505a6ef6075741cdb477c0d85be8" X-ARR-LOG-ID="a6741100-af2d-11f0-a11b-5084928b096f" CLIENT-IP="212.37.64.13:21724" X-SITE-DEPLOYMENT-ID="microhack-dev-app" WAS-DEFAULT-HOSTNAME="microhack-dev-app.scm.azurewebsites.net" X-Forwarded-Proto="https" X-AppService-Proto="https" X-Forwarded-TlsVersion="1.3" X-WAWS-Unencoded-URL="/api/publish?type=zip" X-Client-IP="212.37.64.13" X-Client-Port="21724" >
  <step title="Cleanup Xml Logs" date="2025-10-22T09:58:38.857" /><!-- duration: 203ms -->
  <step title="OneDeploy" date="2025-10-22T09:58:40.469" >
    <step title="None repository commit" date="2025-10-22T09:58:40.799" >
      <step title="Commit id: 2e50a070-7aa1-4b20-9f1a-7f9af918a17b" date="2025-10-22T09:58:40.834" Message="N/A" AuthorName="N/A" AuthorEmail="N/A" /><!-- duration: 170ms -->
    </step><!-- duration: 264ms -->
    <step title="Starting PushDeployAsync" date="2025-10-22T09:58:41.135" /><!-- duration: 56ms -->
    <step title="Writing artifact to /tmp/zipdeploy/923dff21-d60a-41d0-808f-4544d73a5a92.zip" date="2025-10-22T09:58:41.549" >
      <step title="Writing multipart request body to /tmp/zipdeploy/923dff21-d60a-41d0-808f-4544d73a5a92.zip" date="2025-10-22T09:58:41.666" /><!-- duration: 38ms -->
    </step><!-- duration: 1041ms -->
    <step title="Attempting to fetch target branch HEAD" date="2025-10-22T09:58:42.841" /><!-- duration: 35ms -->
    <step title="Acquiring Deployment Lock" date="2025-10-22T09:58:42.939" /><!-- duration: 29ms -->
    <step title="Acquired Deployment Lock" date="2025-10-22T09:58:43.146" /><!-- duration: 36ms -->
    <step title="Performing fetch based deployment" date="2025-10-22T09:58:43.309" >
      <step title="Creating temporary deployment" date="2025-10-22T09:58:43.339" /><!-- duration: 352ms -->
      <step title="Releasing Deployment Lock" date="2025-10-22T09:58:45.572" /><!-- duration: 66ms -->
      <step title="Cleaning up temp folders from previous zip deployments and extracting pushed zip file /tmp/zipdeploy/923dff21-d60a-41d0-808f-4544d73a5a92.zip (0.68 MB) to /tmp/zipdeploy/extracted" date="2025-10-22T09:58:45.884" >
        <step title="ChmodRecursive Process exited with total time taken in ms: 494" date="2025-10-22T09:58:46.736" /><!-- duration: 35ms -->
      </step><!-- duration: 918ms -->
      <step title="None repository commit" date="2025-10-22T09:58:46.834" >
        <step title="Commit id: 2e50a070-7aa1-4b20-9f1a-7f9af918a17b" date="2025-10-22T09:58:46.854" Message="OneDeploy" AuthorName="N/A" AuthorEmail="N/A" /><!-- duration: 20ms -->
      </step><!-- duration: 57ms -->
      <step title="Deployment timer started" date="2025-10-22T09:58:48.931" >
        <step title="DeploymentManager.Deploy(id:2e50a070-7aa1-4b20-9f1a-7f9af918a17b)" date="2025-10-22T09:58:48.954" >
          <step title="Collecting changeset information" date="2025-10-22T09:58:49.042" /><!-- duration: 310ms -->
          <step title="Updating submodules" date="2025-10-22T09:58:49.391" /><!-- duration: 1447ms -->
          <step title="Determining deployment builder" date="2025-10-22T09:58:51.671" >
            <step title="Builder is OneDeployBuilder" date="2025-10-22T09:58:51.755" /><!-- duration: 28ms -->
          </step><!-- duration: 141ms -->
          <step title="PreDeployment: context.CleanOutputPath False" date="2025-10-22T09:58:51.993" >
            <step title="PreDeployment: context.OutputPath /home/site/wwwroot" date="2025-10-22T09:58:52.598" >
              <step title="Building" date="2025-10-22T09:58:53.172" >
                <step title="Executing external process" date="2025-10-22T09:58:55.392" type="process" path="starter.sh" arguments="/opt/Kudu/Scripts/parallel_rsync.sh /tmp/zipdeploy/extracted /home/site/wwwroot 8 /tmp/ False False  " /><!-- duration: 16710ms -->
                <step title="Modified file to trigger a restart of the app container." date="2025-10-22T09:59:14.046" /><!-- duration: 30ms -->
                <step title="Skip function trigger and logicapp sync because function is not enabled." date="2025-10-22T09:59:14.132" /><!-- duration: 32ms -->
              </step><!-- duration: 22948ms -->
            </step><!-- duration: 23549ms -->
            <step title="Cleaning up temp files" date="2025-10-22T09:59:16.154" /><!-- duration: 10ms -->
            <step title="Cleaning up temp files" date="2025-10-22T09:59:16.175" /><!-- duration: 514ms -->
            <step title="Reloading status file with latest updates" date="2025-10-22T09:59:16.903" >
              <step title="WebHooksManager.PublishEventAsync: PostDeployment" date="2025-10-22T09:59:16.930" /><!-- duration: 417ms -->
            </step><!-- duration: 483ms -->
            <step title="Cleaning up temporary deployment - fetch deployment was successful" date="2025-10-22T09:59:17.412" /><!-- duration: 29ms -->
          </step><!-- duration: 25576ms -->
        </step><!-- duration: 28627ms -->
        <step title="Outgoing response" date="2025-10-22T09:59:17.607" type="response" statusCode="200" statusText="OK" /><!-- duration: 7ms -->
      </step><!-- duration: 28690ms -->
