<step title="Incoming Request" date="2025-10-22T09:23:20.623" instance="f20fe8" url="/api/zipdeploy?isAsync=true" method="POST" type="request" pid="772,1,26" Accept="*/*" Host="microhack-dev-app.scm.azurewebsites.net" User-Agent="AZURECLI/2.78.0 (MSI)" Accept-Encoding="gzip, deflate" Authorization="Bas..." Cache-Control="no-cache" Content-Type="application/octet-stream" Content-Length="540913" x-ms-client-request-id="ba8902c8-af28-11f0-a566-5084928b096f" x-ms-artifact-checksum="c68687b1b5e7cd6248fa1e1e8cda17080d039713781dcf49db3736f59354decb" X-ARR-LOG-ID="ba8902c8-af28-11f0-a566-5084928b096f" CLIENT-IP="212.37.64.13:15068" X-SITE-DEPLOYMENT-ID="microhack-dev-app" WAS-DEFAULT-HOSTNAME="microhack-dev-app.scm.azurewebsites.net" X-Forwarded-Proto="https" X-AppService-Proto="https" X-Forwarded-TlsVersion="1.3" X-WAWS-Unencoded-URL="/api/zipdeploy?isAsync=true" X-Client-IP="212.37.64.13" X-Client-Port="15068" >
  <step title="Cleanup Xml Logs" date="2025-10-22T09:23:20.639" /><!-- duration: 17ms -->
  <step title="ZipPushDeploy" date="2025-10-22T09:23:21.301" >
    <step title="ZipDeploy. Extract zip." date="2025-10-22T09:23:21.332" /><!-- duration: 11ms -->
    <step title="None repository commit" date="2025-10-22T09:23:21.374" >
      <step title="Commit id: d331995e-f48f-4e21-91d6-4dbbe2a46d2e" date="2025-10-22T09:23:21.383" Message="N/A" AuthorName="N/A" AuthorEmail="N/A" /><!-- duration: 11ms -->
    </step><!-- duration: 30ms -->
    <step title="Starting PushDeployAsync" date="2025-10-22T09:23:21.421" /><!-- duration: 11ms -->
    <step title="Writing artifact to /tmp/zipdeploy/251406c8-799f-47d3-9895-1ae59f9707c2.zip" date="2025-10-22T09:23:21.495" >
      <step title="Writing multipart request body to /tmp/zipdeploy/251406c8-799f-47d3-9895-1ae59f9707c2.zip" date="2025-10-22T09:23:21.533" /><!-- duration: 10ms -->
    </step><!-- duration: 253ms -->
    <step title="Start deployment in the background" date="2025-10-22T09:23:21.785" >
      <step title="Acquiring Deployment Lock" date="2025-10-22T09:23:21.841" /><!-- duration: 8ms -->
      <step title="Acquired Deployment Lock" date="2025-10-22T09:23:22.035" /><!-- duration: 12ms -->
    </step><!-- duration: 557ms -->
  </step><!-- duration: 1072ms -->
  <step title="Outgoing response" date="2025-10-22T09:23:22.391" type="response" statusCode="202" statusText="Accepted" /><!-- duration: 8ms -->
</step><!-- duration: 1791ms -->
