<step title="Incoming Request" date="2025-10-22T09:46:18.765" instance="f20fe8" url="/api/publish?type=zip" method="POST" type="request" pid="770,1,16" Accept="*/*" Host="microhack-dev-app.scm.azurewebsites.net" User-Agent="AZURECLI/2.78.0 (MSI)" Accept-Encoding="gzip, deflate" Authorization="Bas..." Cache-Control="no-cache" Content-Type="application/octet-stream" Cookie="ARRAffinity=f20fe810224d364e4279d1d97f3c452458e8d39011dcabb935046bd36e0b8b30; ARRAffinitySameSite=f20fe810224d364e4279d1d97f3c452458e8d39011dcabb935046bd36e0b8b30" Content-Length="542680" x-ms-client-request-id="ea86ec90-af2b-11f0-af08-5084928b096f" x-ms-artifact-checksum="6dcf4542e2eb298eddc72426f5901b317f7abd6389c176d822c3c0d42ec246ca" X-ARR-LOG-ID="ea86ec90-af2b-11f0-af08-5084928b096f" CLIENT-IP="212.37.64.13:41360" X-SITE-DEPLOYMENT-ID="microhack-dev-app" WAS-DEFAULT-HOSTNAME="microhack-dev-app.scm.azurewebsites.net" X-Forwarded-Proto="https" X-AppService-Proto="https" X-Forwarded-TlsVersion="1.3" X-WAWS-Unencoded-URL="/api/publish?type=zip" X-Client-IP="212.37.64.13" X-Client-Port="41360" >
  <step title="Cleanup Xml Logs" date="2025-10-22T09:46:18.818" /><!-- duration: 28ms -->
  <step title="OneDeploy" date="2025-10-22T09:46:19.760" >
    <step title="None repository commit" date="2025-10-22T09:46:19.858" >
      <step title="Commit id: a24d197d-b9c1-408d-a986-61488dc248f9" date="2025-10-22T09:46:19.878" Message="N/A" AuthorName="N/A" AuthorEmail="N/A" /><!-- duration: 16ms -->
    </step><!-- duration: 57ms -->
    <step title="Starting PushDeployAsync" date="2025-10-22T09:46:19.961" /><!-- duration: 17ms -->
    <step title="Writing artifact to /tmp/zipdeploy/35223fb6-e9ee-4bd6-8690-590ed87835f0.zip" date="2025-10-22T09:46:20.346" >
      <step title="Writing multipart request body to /tmp/zipdeploy/35223fb6-e9ee-4bd6-8690-590ed87835f0.zip" date="2025-10-22T09:46:20.437" /><!-- duration: 36ms -->
    </step><!-- duration: 1354ms -->
    <step title="Attempting to fetch target branch HEAD" date="2025-10-22T09:46:21.985" /><!-- duration: 39ms -->
    <step title="Acquiring Deployment Lock" date="2025-10-22T09:46:22.151" /><!-- duration: 42ms -->
    <step title="Acquired Deployment Lock" date="2025-10-22T09:46:22.807" /><!-- duration: 111ms -->
    <step title="Performing fetch based deployment" date="2025-10-22T09:46:23.079" >
      <step title="Creating temporary deployment" date="2025-10-22T09:46:23.158" /><!-- duration: 931ms -->
      <step title="Releasing Deployment Lock" date="2025-10-22T09:46:26.476" /><!-- duration: 118ms -->
      <step title="Cleaning up temp folders from previous zip deployments and extracting pushed zip file /tmp/zipdeploy/35223fb6-e9ee-4bd6-8690-590ed87835f0.zip (0.52 MB) to /tmp/zipdeploy/extracted" date="2025-10-22T09:46:26.964" >
        <step title="ChmodRecursive Process exited with total time taken in ms: 517" date="2025-10-22T09:46:28.134" /><!-- duration: 48ms -->
      </step><!-- duration: 1273ms -->
      <step title="None repository commit" date="2025-10-22T09:46:28.302" >
        <step title="Commit id: a24d197d-b9c1-408d-a986-61488dc248f9" date="2025-10-22T09:46:28.330" Message="OneDeploy" AuthorName="N/A" AuthorEmail="N/A" /><!-- duration: 80ms -->
      </step><!-- duration: 135ms -->
      <step title="Deployment timer started" date="2025-10-22T09:46:30.554" >
        <step title="DeploymentManager.Deploy(id:a24d197d-b9c1-408d-a986-61488dc248f9)" date="2025-10-22T09:46:30.675" >
          <step title="Collecting changeset information" date="2025-10-22T09:46:30.910" /><!-- duration: 674ms -->
          <step title="Updating submodules" date="2025-10-22T09:46:31.686" /><!-- duration: 2124ms -->
          <step title="Determining deployment builder" date="2025-10-22T09:46:34.993" >
            <step title="Builder is OneDeployBuilder" date="2025-10-22T09:46:35.148" /><!-- duration: 19ms -->
          </step><!-- duration: 201ms -->
          <step title="PreDeployment: context.CleanOutputPath False" date="2025-10-22T09:46:35.502" >
            <step title="PreDeployment: context.OutputPath /home/site/wwwroot" date="2025-10-22T09:46:36.081" >
              <step title="Building" date="2025-10-22T09:46:36.734" >
                <step title="Executing external process" date="2025-10-22T09:46:39.485" type="process" path="starter.sh" arguments="/opt/Kudu/Scripts/parallel_rsync.sh /tmp/zipdeploy/extracted /home/site/wwwroot 8 /tmp/ False False  " /><!-- duration: 16116ms -->
                <step title="Modified file to trigger a restart of the app container." date="2025-10-22T09:46:56.867" /><!-- duration: 18ms -->
                <step title="Skip function trigger and logicapp sync because function is not enabled." date="2025-10-22T09:46:56.925" /><!-- duration: 15ms -->
              </step><!-- duration: 22179ms -->
            </step><!-- duration: 22883ms -->
            <step title="Cleaning up temp files" date="2025-10-22T09:46:58.997" /><!-- duration: 17ms -->
            <step title="Cleaning up temp files" date="2025-10-22T09:46:59.041" /><!-- duration: 529ms -->
            <step title="Reloading status file with latest updates" date="2025-10-22T09:46:59.696" >
              <step title="WebHooksManager.PublishEventAsync: PostDeployment" date="2025-10-22T09:46:59.709" /><!-- duration: 386ms -->
            </step><!-- duration: 489ms -->
            <step title="Cleaning up temporary deployment - fetch deployment was successful" date="2025-10-22T09:47:00.286" /><!-- duration: 33ms -->
          </step><!-- duration: 25040ms -->
        </step><!-- duration: 29904ms -->
        <step title="Outgoing response" date="2025-10-22T09:47:00.684" type="response" statusCode="200" statusText="OK" /><!-- duration: 25ms -->
      </step><!-- duration: 30166ms -->
