<step title="Incoming Request" date="2025-10-22T09:26:59.247" instance="f20fe8" url="/api/publish?type=zip" method="POST" type="request" pid="772,1,22" Accept="*/*" Host="microhack-dev-app.scm.azurewebsites.net" User-Agent="AZURECLI/2.78.0 (MSI)" Accept-Encoding="gzip, deflate" Authorization="Bas..." Cache-Control="no-cache" Content-Type="application/octet-stream" Cookie="ARRAffinity=f20fe810224d364e4279d1d97f3c452458e8d39011dcabb935046bd36e0b8b30; ARRAffinitySameSite=f20fe810224d364e4279d1d97f3c452458e8d39011dcabb935046bd36e0b8b30" Content-Length="540913" x-ms-client-request-id="3bf9383d-af29-11f0-8a54-5084928b096f" x-ms-artifact-checksum="150d3266eee846ac1a92b9d7b962c0d1c88eb52946f7acbdc847425234bdcd39" X-ARR-LOG-ID="3bf9383d-af29-11f0-8a54-5084928b096f" CLIENT-IP="212.37.64.13:28616" X-SITE-DEPLOYMENT-ID="microhack-dev-app" WAS-DEFAULT-HOSTNAME="microhack-dev-app.scm.azurewebsites.net" X-Forwarded-Proto="https" X-AppService-Proto="https" X-Forwarded-TlsVersion="1.3" X-WAWS-Unencoded-URL="/api/publish?type=zip" X-Client-IP="212.37.64.13" X-Client-Port="28616" >
  <step title="OneDeploy" date="2025-10-22T09:26:59.297" >
    <step title="Starting PushDeployAsync" date="2025-10-22T09:26:59.324" /><!-- duration: 20ms -->
    <step title="Writing artifact to /tmp/zipdeploy/20ef3179-97e7-48e5-8e9a-2e1f05d5592d.zip" date="2025-10-22T09:26:59.401" >
      <step title="Writing multipart request body to /tmp/zipdeploy/20ef3179-97e7-48e5-8e9a-2e1f05d5592d.zip" date="2025-10-22T09:26:59.427" /><!-- duration: 13ms -->
    </step><!-- duration: 100ms -->
    <step title="Attempting to fetch target branch HEAD" date="2025-10-22T09:26:59.528" /><!-- duration: 8ms -->
    <step title="Acquiring Deployment Lock" date="2025-10-22T09:26:59.548" /><!-- duration: 14ms -->
    <step title="Acquired Deployment Lock" date="2025-10-22T09:26:59.621" /><!-- duration: 9ms -->
    <step title="Performing fetch based deployment" date="2025-10-22T09:26:59.648" >
      <step title="Creating temporary deployment" date="2025-10-22T09:26:59.661" /><!-- duration: 152ms -->
      <step title="Releasing Deployment Lock" date="2025-10-22T09:27:01.091" /><!-- duration: 14ms -->
      <step title="Cleaning up temp folders from previous zip deployments and extracting pushed zip file /tmp/zipdeploy/20ef3179-97e7-48e5-8e9a-2e1f05d5592d.zip (0.52 MB) to /tmp/zipdeploy/extracted" date="2025-10-22T09:27:01.179" >
        <step title="ChmodRecursive Process exited with total time taken in ms: 62" date="2025-10-22T09:27:01.346" /><!-- duration: 19ms -->
      </step><!-- duration: 197ms -->
      <step title="None repository commit" date="2025-10-22T09:27:01.390" >
        <step title="Commit id: 4c51df87-701e-4e62-95c0-3601bca9a135" date="2025-10-22T09:27:01.402" Message="OneDeploy" AuthorName="N/A" AuthorEmail="N/A" /><!-- duration: 12ms -->
      </step><!-- duration: 31ms -->
      <step title="Deployment timer started" date="2025-10-22T09:27:03.453" >
        <step title="DeploymentManager.Deploy(id:4c51df87-701e-4e62-95c0-3601bca9a135)" date="2025-10-22T09:27:03.480" >
          <step title="Collecting changeset information" date="2025-10-22T09:27:03.722" /><!-- duration: 344ms -->
          <step title="Updating submodules" date="2025-10-22T09:27:04.095" /><!-- duration: 1353ms -->
          <step title="Determining deployment builder" date="2025-10-22T09:27:06.106" >
            <step title="Builder is OneDeployBuilder" date="2025-10-22T09:27:06.169" /><!-- duration: 9ms -->
          </step><!-- duration: 80ms -->
          <step title="PreDeployment: context.CleanOutputPath False" date="2025-10-22T09:27:06.293" >
            <step title="PreDeployment: context.OutputPath /home/site/wwwroot" date="2025-10-22T09:27:06.520" >
              <step title="Building" date="2025-10-22T09:27:06.759" >
                <step title="Executing external process" date="2025-10-22T09:27:07.723" type="process" path="starter.sh" arguments="/opt/Kudu/Scripts/parallel_rsync.sh /tmp/zipdeploy/extracted /home/site/wwwroot 8 /tmp/ False False  " >
                  <step title="Process dump" date="2025-10-22T09:27:27.190" exitCode="123" type="processOutput" /><!-- duration: 85ms -->
                </step><!-- duration: 19579ms -->
                <step title="Error occurred" date="2025-10-22T09:27:27.437" type="error" text="rsync: [generator] recv_generator: failed to stat &quot;/home/site/wwwroot/build\manifest.json&quot;: Invalid argument (22)
rsync: [generator] recv_generator: failed to stat &quot;/home/site/wwwroot/build\seas-logo-fullcolor.svg&quot;: Invalid argument (22)
rsync: [generator] recv_generator: failed to stat &quot;/home/site/wwwroot/build\asset-manifest.json&quot;: Invalid argument (22)
rsync: [generator] recv_generator: failed to stat &quot;/home/site/wwwroot/build\index.html&quot;: Invalid argument (22)
rsync: [generator] recv_generator: failed to stat &quot;/home/site/wwwroot/build\static\js\main.b07dee4a.js.LICENSE.txt&quot;: Invalid argument (22)
rsync: [generator] recv_generator: failed to stat &quot;/home/site/wwwroot/build\static\css\main.7f18d90d.css.map&quot;: Invalid argument (22)
rsync: [generator] recv_generator: failed to stat &quot;/home/site/wwwroot/build\static\js\main.b07dee4a.js.map&quot;: Invalid argument (22)
rsync: [generator] recv_generator: failed to stat &quot;/home/site/wwwroot/build\favicon.ico&quot;: Invalid argument (22)
rsync: [generator] recv_generator: failed to stat &quot;/home/site/wwwroot/build\static\js\main.b07dee4a.js&quot;: Invalid argument (22)
rsync error: some files/attrs were not transferred (see previous errors) (code 23) at main.c(1333) [sender=3.2.3]
rsync: [generator] recv_generator: failed to stat &quot;/home/site/wwwroot/build\robots.txt&quot;: Invalid argument (22)
rsync: [generator] recv_generator: failed to stat &quot;/home/site/wwwroot/build\static\css\main.7f18d90d.css&quot;: Invalid argument (22)
rsync: [generator] recv_generator: failed to stat &quot;/home/site/wwwroot/build\manifest.json&quot;: Invalid argument (22)
rsync: [generator] recv_generator: failed to stat &quot;/home/site/wwwroot/build\seas-logo-fullcolor.svg&quot;: Invalid argument (22)
rsync error: some files/attrs were not transferred (see previous errors) (code 23) at main.c(1333) [sender=3.2.3]
rsync error: some files/attrs were not transferred (see previous errors) (code 23) at main.c(1333) [sender=3.2.3]
rsync error: some files/attrs were not transferred (see previous errors) (code 23) at main.c(1333) [sender=3.2.3]
rsync error: some files/attrs were not transferred (see previous errors) (code 23) at main.c(1333) [sender=3.2.3]
rsync error: some files/attrs were not transferred (see previous errors) (code 23) at main.c(1333) [sender=3.2.3]
rsync: [generator] recv_generator: failed to stat &quot;/home/site/wwwroot/build\robots.txt&quot;: Invalid argument (22)
rsync: [generator] recv_generator: failed to stat &quot;/home/site/wwwroot/build\static\css\main.7f18d90d.css&quot;: Invalid argument (22)
rsync: [generator] recv_generator: failed to stat &quot;/home/site/wwwroot/build\favicon.ico&quot;: Invalid argument (22)
rsync: [generator] recv_generator: failed to stat &quot;/home/site/wwwroot/build\static\js\main.b07dee4a.js&quot;: Invalid argument (22)
rsync: [generator] recv_generator: failed to stat &quot;/home/site/wwwroot/build\asset-manifest.json&quot;: Invalid argument (22)
rsync: [generator] recv_generator: failed to stat &quot;/home/site/wwwroot/build\static\css\main.7f18d90d.css.map&quot;: Invalid argument (22)
rsync: [generator] recv_generator: failed to stat &quot;/home/site/wwwroot/build\static\js\main.b07dee4a.js.map&quot;: Invalid argument (22)
rsync: [generator] recv_generator: failed to stat &quot;/home/site/wwwroot/build\index.html&quot;: Invalid argument (22)
rsync: [generator] recv_generator: failed to stat &quot;/home/site/wwwroot/build\static\js\main.b07dee4a.js.LICENSE.txt&quot;: Invalid argument (22)
rsync error: some files/attrs were not transferred (see previous errors) (code 23) at main.c(1333) [sender=3.2.3]
rsync error: some files/attrs were not transferred (see previous errors) (code 23) at main.c(1333) [sender=3.2.3]
rsync error: some files/attrs were not transferred (see previous errors) (code 23) at main.c(1333) [sender=3.2.3]
rsync error: some files/attrs were not transferred (see previous errors) (code 23) at main.c(1333) [sender=3.2.3]
/opt/Kudu/Scripts/starter.sh /opt/Kudu/Scripts/parallel_rsync.sh /tmp/zipdeploy/extracted /home/site/wwwroot 8 /tmp/ False False  " stackTrace="   at Kudu.Core.Infrastructure.Executable.ExecuteInternal(ITracer tracer, Func`2 onWriteOutput, Func`2 onWriteError, CancellationToken token, Encoding encoding, String arguments, Object[] args) in /tmp/KuduLite/Kudu.Core/Infrastructure/Executable.cs:line 239
   at Kudu.Core.Infrastructure.Executable.ExecuteWithProgressWriter(ILogger logger, ITracer tracer, CancellationToken token, String arguments, Object[] args) in /tmp/KuduLite/Kudu.Core/Infrastructure/Executable.cs:line 118
   at Kudu.Core.Deployment.Generator.ExternalCommandBuilder.RunCommand(DeploymentContext context, String command, Boolean ignoreManifest, CancellationToken token, String message) in /tmp/KuduLite/Kudu.Core/Deployment/Generator/ExternalCommandBuilder.cs:line 122" /><!-- duration: 35ms -->
                <step title="Error occurred" date="2025-10-22T09:27:28.360" type="error" text="Invalid argument : &apos;/home/site/wwwroot/build\static\js\main.b07dee4a.js&apos;" stackTrace="   at Interop.ThrowExceptionForIoErrno(ErrorInfo errorInfo, String path, Boolean isDirError)
   at Microsoft.Win32.SafeHandles.SafeFileHandle.Open(String fullPath, FileMode mode, FileAccess access, FileShare share, FileOptions options, Int64 preallocationSize, UnixFileMode openPermissions, Int64&amp; fileLength, UnixFileMode&amp; filePermissions, Boolean failForSymlink, Boolean&amp; wasSymlink, Func`4 createOpenException)
   at System.IO.FileSystem.CopyFile(String sourceFullPath, String destFullPath, Boolean overwrite)
   at Kudu.Core.Infrastructure.FileSystemHelpers.CopyDirectoryRecursive(String sourceDirPath, String destinationDirPath, Boolean overwrite) in /tmp/KuduLite/Kudu.Core/Infrastructure/FileSystemHelpers.cs:line 239
   at Kudu.Core.Deployment.Generator.OneDeployBuilder.Build(DeploymentContext context, CancellationToken token) in /tmp/KuduLite/Kudu.Core/Deployment/Generator/OneDeployBuilder.cs:line 108
   at Kudu.Core.Deployment.DeploymentManager.Build(ChangeSet changeSet, ITracer tracer, IDisposable deployStep, IRepository repository, DeploymentInfoBase deploymentInfo, DeploymentAnalytics deploymentAnalytics, Boolean fullBuildByDefault, CancellationToken cancellationToken) in /tmp/KuduLite/Kudu.Core/Deployment/DeploymentManager.cs:line 771" /><!-- duration: 26ms -->
                <step title="Purge deployment items" date="2025-10-22T09:27:29.151" >
                  <step title="Remove d331995e-, Failed, received at 10/22/2025 09:23:26" date="2025-10-22T09:27:29.342" /><!-- duration: 36ms -->
                </step><!-- duration: 245ms -->
              </step><!-- duration: 22656ms -->
            </step><!-- duration: 22923ms -->
            <step title="Error occurred" date="2025-10-22T09:27:29.459" type="error" text="Invalid argument : &apos;/home/site/wwwroot/build\static\js\main.b07dee4a.js&apos;" stackTrace="   at Interop.ThrowExceptionForIoErrno(ErrorInfo errorInfo, String path, Boolean isDirError)
   at Microsoft.Win32.SafeHandles.SafeFileHandle.Open(String fullPath, FileMode mode, FileAccess access, FileShare share, FileOptions options, Int64 preallocationSize, UnixFileMode openPermissions, Int64&amp; fileLength, UnixFileMode&amp; filePermissions, Boolean failForSymlink, Boolean&amp; wasSymlink, Func`4 createOpenException)
   at System.IO.FileSystem.CopyFile(String sourceFullPath, String destFullPath, Boolean overwrite)
   at Kudu.Core.Infrastructure.FileSystemHelpers.CopyDirectoryRecursive(String sourceDirPath, String destinationDirPath, Boolean overwrite) in /tmp/KuduLite/Kudu.Core/Infrastructure/FileSystemHelpers.cs:line 239
   at Kudu.Core.Deployment.Generator.OneDeployBuilder.Build(DeploymentContext context, CancellationToken token) in /tmp/KuduLite/Kudu.Core/Deployment/Generator/OneDeployBuilder.cs:line 108
   at Kudu.Core.Deployment.DeploymentManager.Build(ChangeSet changeSet, ITracer tracer, IDisposable deployStep, IRepository repository, DeploymentInfoBase deploymentInfo, DeploymentAnalytics deploymentAnalytics, Boolean fullBuildByDefault, CancellationToken cancellationToken) in /tmp/KuduLite/Kudu.Core/Deployment/DeploymentManager.cs:line 771
   at Kudu.Core.Deployment.DeploymentManager.Build(ChangeSet changeSet, ITracer tracer, IDisposable deployStep, IRepository repository, DeploymentInfoBase deploymentInfo, DeploymentAnalytics deploymentAnalytics, Boolean fullBuildByDefault, CancellationToken cancellationToken) in /tmp/KuduLite/Kudu.Core/Deployment/DeploymentManager.cs:line 840" /><!-- duration: 21ms -->
            <step title="Cleaning up temp files" date="2025-10-22T09:27:29.742" /><!-- duration: 29ms -->
            <step title="Cleaning up temp files" date="2025-10-22T09:27:29.803" /><!-- duration: 556ms -->
            <step title="Error occurred" date="2025-10-22T09:27:30.588" type="error" text="Invalid argument : &apos;/home/site/wwwroot/build\static\js\main.b07dee4a.js&apos;" stackTrace="   at Interop.ThrowExceptionForIoErrno(ErrorInfo errorInfo, String path, Boolean isDirError)
   at Microsoft.Win32.SafeHandles.SafeFileHandle.Open(String fullPath, FileMode mode, FileAccess access, FileShare share, FileOptions options, Int64 preallocationSize, UnixFileMode openPermissions, Int64&amp; fileLength, UnixFileMode&amp; filePermissions, Boolean failForSymlink, Boolean&amp; wasSymlink, Func`4 createOpenException)
   at System.IO.FileSystem.CopyFile(String sourceFullPath, String destFullPath, Boolean overwrite)
   at Kudu.Core.Infrastructure.FileSystemHelpers.CopyDirectoryRecursive(String sourceDirPath, String destinationDirPath, Boolean overwrite) in /tmp/KuduLite/Kudu.Core/Infrastructure/FileSystemHelpers.cs:line 239
   at Kudu.Core.Deployment.Generator.OneDeployBuilder.Build(DeploymentContext context, CancellationToken token) in /tmp/KuduLite/Kudu.Core/Deployment/Generator/OneDeployBuilder.cs:line 108
   at Kudu.Core.Deployment.DeploymentManager.Build(ChangeSet changeSet, ITracer tracer, IDisposable deployStep, IRepository repository, DeploymentInfoBase deploymentInfo, DeploymentAnalytics deploymentAnalytics, Boolean fullBuildByDefault, CancellationToken cancellationToken) in /tmp/KuduLite/Kudu.Core/Deployment/DeploymentManager.cs:line 771
   at Kudu.Core.Deployment.DeploymentManager.Build(ChangeSet changeSet, ITracer tracer, IDisposable deployStep, IRepository repository, DeploymentInfoBase deploymentInfo, DeploymentAnalytics deploymentAnalytics, Boolean fullBuildByDefault, CancellationToken cancellationToken) in /tmp/KuduLite/Kudu.Core/Deployment/DeploymentManager.cs:line 840
   at Kudu.Core.Deployment.DeploymentManager.DeployAsync(IRepository repository, ChangeSet changeSet, String deployer, Boolean clean, DeploymentInfoBase deploymentInfo, Boolean needFileUpdate, Boolean fullBuildByDefault) in /tmp/KuduLite/Kudu.Core/Deployment/DeploymentManager.cs:line 266" /><!-- duration: 63ms -->
          </step><!-- duration: 24478ms -->
          <step title="Reloading status file with latest updates" date="2025-10-22T09:27:31.193" >
            <step title="WebHooksManager.PublishEventAsync: PostDeployment" date="2025-10-22T09:27:31.257" /><!-- duration: 93ms -->
          </step><!-- duration: 199ms -->
          <step title="Error occurred" date="2025-10-22T09:27:31.439" type="error" text="Invalid argument : &apos;/home/site/wwwroot/build\static\js\main.b07dee4a.js&apos;" stackTrace="   at Interop.ThrowExceptionForIoErrno(ErrorInfo errorInfo, String path, Boolean isDirError)
   at Microsoft.Win32.SafeHandles.SafeFileHandle.Open(String fullPath, FileMode mode, FileAccess access, FileShare share, FileOptions options, Int64 preallocationSize, UnixFileMode openPermissions, Int64&amp; fileLength, UnixFileMode&amp; filePermissions, Boolean failForSymlink, Boolean&amp; wasSymlink, Func`4 createOpenException)
   at System.IO.FileSystem.CopyFile(String sourceFullPath, String destFullPath, Boolean overwrite)
   at Kudu.Core.Infrastructure.FileSystemHelpers.CopyDirectoryRecursive(String sourceDirPath, String destinationDirPath, Boolean overwrite) in /tmp/KuduLite/Kudu.Core/Infrastructure/FileSystemHelpers.cs:line 239
   at Kudu.Core.Deployment.Generator.OneDeployBuilder.Build(DeploymentContext context, CancellationToken token) in /tmp/KuduLite/Kudu.Core/Deployment/Generator/OneDeployBuilder.cs:line 108
   at Kudu.Core.Deployment.DeploymentManager.Build(ChangeSet changeSet, ITracer tracer, IDisposable deployStep, IRepository repository, DeploymentInfoBase deploymentInfo, DeploymentAnalytics deploymentAnalytics, Boolean fullBuildByDefault, CancellationToken cancellationToken) in /tmp/KuduLite/Kudu.Core/Deployment/DeploymentManager.cs:line 771
   at Kudu.Core.Deployment.DeploymentManager.Build(ChangeSet changeSet, ITracer tracer, IDisposable deployStep, IRepository repository, DeploymentInfoBase deploymentInfo, DeploymentAnalytics deploymentAnalytics, Boolean fullBuildByDefault, CancellationToken cancellationToken) in /tmp/KuduLite/Kudu.Core/Deployment/DeploymentManager.cs:line 840
   at Kudu.Core.Deployment.DeploymentManager.DeployAsync(IRepository repository, ChangeSet changeSet, String deployer, Boolean clean, DeploymentInfoBase deploymentInfo, Boolean needFileUpdate, Boolean fullBuildByDefault) in /tmp/KuduLite/Kudu.Core/Deployment/DeploymentManager.cs:line 266" /><!-- duration: 22ms -->
          <step title="Marking deployment as failed and cleaning up the temp deployment" date="2025-10-22T09:27:31.653" /><!-- duration: 21ms -->
        </step><!-- duration: 28547ms -->
      </step><!-- duration: 28623ms -->
      <step title="Error occurred" date="2025-10-22T09:27:32.125" type="error" text="Deployment failed" stackTrace="   at Kudu.Core.Deployment.DeploymentManager.DeployAsync(IRepository repository, ChangeSet changeSet, String deployer, Boolean clean, DeploymentInfoBase deploymentInfo, Boolean needFileUpdate, Boolean fullBuildByDefault) in /tmp/KuduLite/Kudu.Core/Deployment/DeploymentManager.cs:line 307
   at Kudu.Core.Deployment.FetchDeploymentManager.PerformDeployment(DeploymentInfoBase deploymentInfo, IDisposable tempDeployment, ChangeSet tempChangeSet, DeployStatusApiResult updateStatusObj) in /tmp/KuduLite/Kudu.Core/Deployment/FetchDeploymentManager.cs:line 230
   at Kudu.Core.Deployment.FetchDeploymentManager.&lt;&gt;c__DisplayClass17_0.&lt;&lt;FetchDeploy&gt;b__0&gt;d.MoveNext() in /tmp/KuduLite/Kudu.Core/Deployment/FetchDeploymentManager.cs:line 131
--- End of stack trace from previous location ---
   at Kudu.Core.Deployment.FetchDeploymentManager.FetchDeploy(DeploymentInfoBase deployInfo, Boolean asyncRequested, Uri requestUri, String targetBranch) in /tmp/KuduLite/Kudu.Core/Deployment/FetchDeploymentManager.cs:line 124
   at Kudu.Services.Deployment.PushDeploymentController.PushDeployAsync(ArtifactDeploymentInfo deploymentInfo, Boolean isAsync, HttpContext context, JObject requestJson) in /tmp/KuduLite/Kudu.Services/Deployment/PushDeploymentController.cs:line 791
   at Kudu.Services.Deployment.PushDeploymentController.OneDeploy(String type, Boolean async, String path, Nullable`1 restart, Nullable`1 clean, Boolean ignoreStack, Boolean trackDeploymentProgress, Boolean trackStatus, Boolean reset) in /tmp/KuduLite/Kudu.Services/Deployment/PushDeploymentController.cs:line 624
   at Microsoft.AspNetCore.Mvc.Infrastructure.ActionMethodExecutor.TaskOfIActionResultExecutor.Execute(ActionContext actionContext, IActionResultTypeMapper mapper, ObjectMethodExecutor executor, Object controller, Object[] arguments)
   at Microsoft.AspNetCore.Mvc.Infrastructure.ControllerActionInvoker.&lt;InvokeActionMethodAsync&gt;g__Awaited|12_0(ControllerActionInvoker invoker, ValueTask`1 actionResultValueTask)
   at Microsoft.AspNetCore.Mvc.Infrastructure.ControllerActionInvoker.&lt;InvokeNextActionFilterAsync&gt;g__Awaited|10_0(ControllerActionInvoker invoker, Task lastTask, State next, Scope scope, Object state, Boolean isCompleted)
   at Microsoft.AspNetCore.Mvc.Infrastructure.ControllerActionInvoker.Rethrow(ActionExecutedContextSealed context)
   at Microsoft.AspNetCore.Mvc.Infrastructure.ControllerActionInvoker.Next(State&amp; next, Scope&amp; scope, Object&amp; state, Boolean&amp; isCompleted)
   at Microsoft.AspNetCore.Mvc.Infrastructure.ControllerActionInvoker.&lt;InvokeInnerFilterAsync&gt;g__Awaited|13_0(ControllerActionInvoker invoker, Task lastTask, State next, Scope scope, Object state, Boolean isCompleted)
   at Microsoft.AspNetCore.Mvc.Infrastructure.ResourceInvoker.&lt;InvokeNextResourceFilter&gt;g__Awaited|25_0(ResourceInvoker invoker, Task lastTask, State next, Scope scope, Object state, Boolean isCompleted)
   at Microsoft.AspNetCore.Mvc.Infrastructure.ResourceInvoker.Rethrow(ResourceExecutedContextSealed context)
   at Microsoft.AspNetCore.Mvc.Infrastructure.ResourceInvoker.Next(State&amp; next, Scope&amp; scope, Object&amp; state, Boolean&amp; isCompleted)
   at Microsoft.AspNetCore.Mvc.Infrastructure.ResourceInvoker.&lt;InvokeFilterPipelineAsync&gt;g__Awaited|20_0(ResourceInvoker invoker, Task lastTask, State next, Scope scope, Object state, Boolean isCompleted)
   at Microsoft.AspNetCore.Mvc.Infrastructure.ResourceInvoker.&lt;InvokeAsync&gt;g__Awaited|17_0(ResourceInvoker invoker, Task task, IDisposable scope)
   at Microsoft.AspNetCore.Mvc.Infrastructure.ResourceInvoker.&lt;InvokeAsync&gt;g__Awaited|17_0(ResourceInvoker invoker, Task task, IDisposable scope)
   at Microsoft.AspNetCore.Builder.RouterMiddleware.Invoke(HttpContext httpContext)
   at Kudu.Services.Web.Tracing.TraceMiddleware.Invoke(HttpContext context) in /tmp/KuduLite/Kudu.Services.Web/Tracing/TraceMiddleware.cs:line 101" innerText="Invalid argument : &apos;/home/site/wwwroot/build\static\js\main.b07dee4a.js&apos;" innerStackTrace="   at Interop.ThrowExceptionForIoErrno(ErrorInfo errorInfo, String path, Boolean isDirError)
   at Microsoft.Win32.SafeHandles.SafeFileHandle.Open(String fullPath, FileMode mode, FileAccess access, FileShare share, FileOptions options, Int64 preallocationSize, UnixFileMode openPermissions, Int64&amp; fileLength, UnixFileMode&amp; filePermissions, Boolean failForSymlink, Boolean&amp; wasSymlink, Func`4 createOpenException)
   at System.IO.FileSystem.CopyFile(String sourceFullPath, String destFullPath, Boolean overwrite)
   at Kudu.Core.Infrastructure.FileSystemHelpers.CopyDirectoryRecursive(String sourceDirPath, String destinationDirPath, Boolean overwrite) in /tmp/KuduLite/Kudu.Core/Infrastructure/FileSystemHelpers.cs:line 239
   at Kudu.Core.Deployment.Generator.OneDeployBuilder.Build(DeploymentContext context, CancellationToken token) in /tmp/KuduLite/Kudu.Core/Deployment/Generator/OneDeployBuilder.cs:line 108
   at Kudu.Core.Deployment.DeploymentManager.Build(ChangeSet changeSet, ITracer tracer, IDisposable deployStep, IRepository repository, DeploymentInfoBase deploymentInfo, DeploymentAnalytics deploymentAnalytics, Boolean fullBuildByDefault, CancellationToken cancellationToken) in /tmp/KuduLite/Kudu.Core/Deployment/DeploymentManager.cs:line 771
   at Kudu.Core.Deployment.DeploymentManager.Build(ChangeSet changeSet, ITracer tracer, IDisposable deployStep, IRepository repository, DeploymentInfoBase deploymentInfo, DeploymentAnalytics deploymentAnalytics, Boolean fullBuildByDefault, CancellationToken cancellationToken) in /tmp/KuduLite/Kudu.Core/Deployment/DeploymentManager.cs:line 840
   at Kudu.Core.Deployment.DeploymentManager.DeployAsync(IRepository repository, ChangeSet changeSet, String deployer, Boolean clean, DeploymentInfoBase deploymentInfo, Boolean needFileUpdate, Boolean fullBuildByDefault) in /tmp/KuduLite/Kudu.Core/Deployment/DeploymentManager.cs:line 266" /><!-- duration: 25ms -->
      <step title="Incoming Request" date="2025-10-22T09:27:32.294" url="/Error?type=zip" method="POST" type="request" pid="772,1,3" Accept="*/*" Host="microhack-dev-app.scm.azurewebsites.net" User-Agent="AZURECLI/2.78.0 (MSI)" Accept-Encoding="gzip, deflate" Authorization="Bas..." Cache-Control="no-cache" Content-Type="application/octet-stream" Cookie="ARRAffinity=f20fe810224d364e4279d1d97f3c452458e8d39011dcabb935046bd36e0b8b30; ARRAffinitySameSite=f20fe810224d364e4279d1d97f3c452458e8d39011dcabb935046bd36e0b8b30" Content-Length="540913" x-ms-client-request-id="3bf9383d-af29-11f0-8a54-5084928b096f" x-ms-artifact-checksum="150d3266eee846ac1a92b9d7b962c0d1c88eb52946f7acbdc847425234bdcd39" X-ARR-LOG-ID="3bf9383d-af29-11f0-8a54-5084928b096f" CLIENT-IP="212.37.64.13:28616" X-SITE-DEPLOYMENT-ID="microhack-dev-app" WAS-DEFAULT-HOSTNAME="microhack-dev-app.scm.azurewebsites.net" X-Forwarded-Proto="https" X-AppService-Proto="https" X-Forwarded-TlsVersion="1.3" X-WAWS-Unencoded-URL="/api/publish?type=zip" X-Client-IP="212.37.64.13" X-Client-Port="28616" >
        <step title="Outgoing response" date="2025-10-22T09:27:32.601" type="response" statusCode="400" statusText="BadRequest" /><!-- duration: 22ms -->
      </step><!-- duration: 367ms -->
