<step title="BackgroundTrace" date="2025-10-22T09:23:21.799" instance="f20fe8" url="/api/zipdeploy" method="POST" >
  <step title="Creating temporary deployment - FetchDeploymentManager" date="2025-10-22T09:23:22.055" /><!-- duration: 7ms -->
  <step title="Creating temporary deployment" date="2025-10-22T09:23:22.077" /><!-- duration: 257ms -->
  <step title="Performing fetch based deployment" date="2025-10-22T09:23:22.518" >
    <step title="Cleaning up temp folders from previous zip deployments and extracting pushed zip file /tmp/zipdeploy/251406c8-799f-47d3-9895-1ae59f9707c2.zip (0.52 MB) to /tmp/zipdeploy/extracted" date="2025-10-22T09:23:23.984" >
      <step title="ChmodRecursive Process exited with total time taken in ms: 220" date="2025-10-22T09:23:24.347" /><!-- duration: 8ms -->
    </step><!-- duration: 380ms -->
    <step title="Deployment timer started" date="2025-10-22T09:23:26.428" >
      <step title="DeploymentManager.Deploy(id:d331995e-f48f-4e21-91d6-4dbbe2a46d2e)" date="2025-10-22T09:23:26.459" >
        <step title="Collecting changeset information" date="2025-10-22T09:23:26.517" /><!-- duration: 158ms -->
        <step title="Updating submodules" date="2025-10-22T09:23:26.688" /><!-- duration: 1261ms -->
        <step title="Determining deployment builder" date="2025-10-22T09:23:28.432" >
          <step title="Builder is BasicBuilder" date="2025-10-22T09:23:28.463" /><!-- duration: 8ms -->
        </step><!-- duration: 49ms -->
        <step title="PreDeployment: context.CleanOutputPath False" date="2025-10-22T09:23:28.595" >
          <step title="PreDeployment: context.OutputPath /home/site/wwwroot" date="2025-10-22T09:23:28.851" >
            <step title="Building" date="2025-10-22T09:23:29.202" >
              <step title="Executing external process" date="2025-10-22T09:23:30.321" type="process" path="starter.sh" arguments="/opt/Kudu/Scripts/parallel_rsync.sh /tmp/zipdeploy/extracted /home/site/wwwroot 8 /tmp/ False True  " >
                <step title="Process dump" date="2025-10-22T09:23:40.083" exitCode="123" type="processOutput" /><!-- duration: 15ms -->
              </step><!-- duration: 9785ms -->
              <step title="Error occurred" date="2025-10-22T09:23:40.177" type="error" text="rsync: [generator] recv_generator: failed to stat &quot;/home/site/wwwroot/build\favicon.ico&quot;: Invalid argument (22)
rsync: [generator] recv_generator: failed to stat &quot;/home/site/wwwroot/build\static\js\main.b07dee4a.js&quot;: Invalid argument (22)
rsync: [generator] recv_generator: failed to stat &quot;/home/site/wwwroot/build\static\css\main.7f18d90d.css.map&quot;: Invalid argument (22)
rsync: [generator] recv_generator: failed to stat &quot;/home/site/wwwroot/build\static\js\main.b07dee4a.js.map&quot;: Invalid argument (22)
rsync: [generator] recv_generator: failed to stat &quot;/home/site/wwwroot/build\manifest.json&quot;: Invalid argument (22)
rsync: [generator] recv_generator: failed to stat &quot;/home/site/wwwroot/build\seas-logo-fullcolor.svg&quot;: Invalid argument (22)
rsync: [generator] recv_generator: failed to stat &quot;/home/site/wwwroot/build\asset-manifest.json&quot;: Invalid argument (22)
rsync: [generator] recv_generator: failed to stat &quot;/home/site/wwwroot/build\index.html&quot;: Invalid argument (22)
rsync: [generator] recv_generator: failed to stat &quot;/home/site/wwwroot/build\static\js\main.b07dee4a.js.LICENSE.txt&quot;: Invalid argument (22)
rsync: [generator] recv_generator: failed to stat &quot;/home/site/wwwroot/build\robots.txt&quot;: Invalid argument (22)
rsync: [generator] recv_generator: failed to stat &quot;/home/site/wwwroot/build\static\css\main.7f18d90d.css&quot;: Invalid argument (22)
rsync error: some files/attrs were not transferred (see previous errors) (code 23) at main.c(1333) [sender=3.2.3]
rsync: [generator] recv_generator: failed to stat &quot;/home/site/wwwroot/build\asset-manifest.json&quot;: Invalid argument (22)
rsync: [generator] recv_generator: failed to stat &quot;/home/site/wwwroot/build\index.html&quot;: Invalid argument (22)
rsync: [generator] recv_generator: failed to stat &quot;/home/site/wwwroot/build\static\js\main.b07dee4a.js.LICENSE.txt&quot;: Invalid argument (22)
rsync error: some files/attrs were not transferred (see previous errors) (code 23) at main.c(1333) [sender=3.2.3]
rsync error: some files/attrs were not transferred (see previous errors) (code 23) at main.c(1333) [sender=3.2.3]
rsync error: some files/attrs were not transferred (see previous errors) (code 23) at main.c(1333) [sender=3.2.3]
rsync error: some files/attrs were not transferred (see previous errors) (code 23) at main.c(1333) [sender=3.2.3]
rsync error: some files/attrs were not transferred (see previous errors) (code 23) at main.c(1333) [sender=3.2.3]
rsync: [generator] recv_generator: failed to stat &quot;/home/site/wwwroot/build\static\css\main.7f18d90d.css.map&quot;: Invalid argument (22)
rsync: [generator] recv_generator: failed to stat &quot;/home/site/wwwroot/build\static\js\main.b07dee4a.js.map&quot;: Invalid argument (22)
rsync: [generator] recv_generator: failed to stat &quot;/home/site/wwwroot/build\manifest.json&quot;: Invalid argument (22)
rsync: [generator] recv_generator: failed to stat &quot;/home/site/wwwroot/build\seas-logo-fullcolor.svg&quot;: Invalid argument (22)
rsync: [generator] recv_generator: failed to stat &quot;/home/site/wwwroot/build\robots.txt&quot;: Invalid argument (22)
rsync: [generator] recv_generator: failed to stat &quot;/home/site/wwwroot/build\static\css\main.7f18d90d.css&quot;: Invalid argument (22)
rsync: [generator] recv_generator: failed to stat &quot;/home/site/wwwroot/build\favicon.ico&quot;: Invalid argument (22)
rsync: [generator] recv_generator: failed to stat &quot;/home/site/wwwroot/build\static\js\main.b07dee4a.js&quot;: Invalid argument (22)
rsync error: some files/attrs were not transferred (see previous errors) (code 23) at main.c(1333) [sender=3.2.3]
rsync error: some files/attrs were not transferred (see previous errors) (code 23) at main.c(1333) [sender=3.2.3]
rsync error: some files/attrs were not transferred (see previous errors) (code 23) at main.c(1333) [sender=3.2.3]
rsync error: some files/attrs were not transferred (see previous errors) (code 23) at main.c(1333) [sender=3.2.3]
/opt/Kudu/Scripts/starter.sh /opt/Kudu/Scripts/parallel_rsync.sh /tmp/zipdeploy/extracted /home/site/wwwroot 8 /tmp/ False True  " stackTrace="   at Kudu.Core.Infrastructure.Executable.ExecuteInternal(ITracer tracer, Func`2 onWriteOutput, Func`2 onWriteError, CancellationToken token, Encoding encoding, String arguments, Object[] args) in /tmp/KuduLite/Kudu.Core/Infrastructure/Executable.cs:line 239
   at Kudu.Core.Infrastructure.Executable.ExecuteWithProgressWriter(ILogger logger, ITracer tracer, CancellationToken token, String arguments, Object[] args) in /tmp/KuduLite/Kudu.Core/Infrastructure/Executable.cs:line 118
   at Kudu.Core.Deployment.Generator.ExternalCommandBuilder.RunCommand(DeploymentContext context, String command, Boolean ignoreManifest, CancellationToken token, String message) in /tmp/KuduLite/Kudu.Core/Deployment/Generator/ExternalCommandBuilder.cs:line 122" /><!-- duration: 18ms -->
              <step title="Warning" date="2025-10-22T09:23:40.205" type="warning" text="Exception in parallel rsync: ExitCode: 123, Output: Run rsync from: /tmp/zipdeploy/extracted/ to: /home/site/wwwroot/ in 8 parallel threads
Delete options: clean=False, use manifest=True, directory to ignore=
Prev manifest = /opt/Kudu/Scripts/firstDeploymentManifest and next /home/site/deployments/d331995e-f48f-4e21-91d6-4dbbe2a46d2e/manifest
Cleaning up /tmp//filelist.txt and /tmp//splits
Creating a list of all files at /tmp//filelist.txt
No directory to exclude.
Created /tmp//filelist.txt. Total number of files to be synced = 18.
Created batches from the list of files. Processing 3 files in each thread
Running rsync for filelist /tmp//splits/split.aa from /tmp/zipdeploy/extracted/ to /home/site/wwwroot/
Running rsync for filelist /tmp//splits/split.ab from /tmp/zipdeploy/extracted/ to /home/site/wwwroot/
Running rsync for filelist /tmp//splits/split.ac from /tmp/zipdeploy/extracted/ to /home/site/wwwroot/
Running rsync for filelist /tmp//splits/split.ae from /tmp/zipdeploy/extracted/ to /home/site/wwwroot/
Running rsync for filelist /tmp//splits/split.ad from /tmp/zipdeploy/extracted/ to /home/site/wwwroot/
Running rsync for filelist /tmp//splits/split.af from /tmp/zipdeploy/extracted/ to /home/site/wwwroot/

Number of files: 3 (reg: 3)
Number of created files: 0
Number of deleted files: 0
Number of regular files transferred: 0
Total file size: 2.25K bytes
Total transferred file size: 0 bytes
Literal data: 0 bytes
Matched data: 0 bytes
File list size: 0
File list generation time: 0.001 seconds
File list transfer time: 0.000 seconds
Total bytes sent: 185
Total bytes received: 12

sent 185 bytes  received 12 bytes  394.00 bytes/sec
total size is 2.25K  speedup is 11.43
Attempt 1: Rsync for filelist /tmp//splits/split.ae completed with exit code 23

Number of files: 3 (reg: 3)
Number of created files: 1 (reg: 1)
Number of deleted files: 0
Number of regular files transferred: 1
Total file size: 1.42M bytes
Total transferred file size: 2.59K bytes
Literal data: 2.59K bytes
Matched data: 0 bytes
File list size: 0
File list generation time: 0.022 seconds
File list transfer time: 0.000 seconds
Total bytes sent: 1.44K
Total bytes received: 31

sent 1.44K bytes  received 31 bytes  2.93K bytes/sec
total size is 1.42M  speedup is 967.48
Attempt 1: Rsync for filelist /tmp//splits/split.ac completed with exit code 23

Number of files: 3 (reg: 3)
Number of created files: 1 (reg: 1)
Number of deleted files: 0
Number of regular files transferred: 1
Total file size: 601.76K bytes
Total transferred file size: 265.59K bytes
Literal data: 265.59K bytes
Matched data: 0 bytes
File list size: 0
File list generation time: 0.001 seconds
File list transfer time: 0.000 seconds
Total bytes sent: 61.85K
Total bytes received: 31

sent 61.85K bytes  received 31 bytes  123.76K bytes/sec
total size is 601.76K  speedup is 9.72

Number of files: 3 (reg: 3)
Number of created files: 1 (reg: 1)
Number of deleted files: 0
Number of regular files transferred: 1
Total file size: 12.55K bytes
Total transferred file size: 3.80K bytes
Literal data: 3.80K bytes
Matched data: 0 bytes
File list size: 0
File list generation time: 0.020 seconds
File list transfer time: 0.000 seconds
Total bytes sent: 1.54K
Total bytes received: 31

sent 1.54K bytes  received 31 bytes  3.14K bytes/sec
total size is 12.55K  speedup is 7.98
Attempt 1: Rsync for filelist /tmp//splits/split.aa completed with exit code 23
Attempt 1: Rsync for filelist /tmp//splits/split.ab completed with exit code 23

Number of files: 3 (reg: 3)
Number of created files: 0
Number of deleted files: 0
Number of regular files transferred: 0
Total file size: 2.25K bytes
Total transferred file size: 0 bytes
Literal data: 0 bytes
Matched data: 0 bytes
File list size: 0
File list generation time: 0.001 seconds
File list transfer time: 0.000 seconds
Total bytes sent: 185
Total bytes received: 12

sent 185 bytes  received 12 bytes  394.00 bytes/sec
total size is 2.25K  speedup is 11.43
Attempt 2: Rsync for filelist /tmp//splits/split.ae completed with exit code 23

Number of files: 3 (reg: 3)
Number of created files: 1 (reg: 1)
Number of deleted files: 0
Number of regular files transferred: 1
Total file size: 19.46K bytes
Total transferred file size: 10.98K bytes
Literal data: 10.98K bytes
Matched data: 0 bytes
File list size: 0
File list generation time: 0.025 seconds
File list transfer time: 0.000 seconds
Total bytes sent: 3.16K
Total bytes received: 31

sent 3.16K bytes  received 31 bytes  6.38K bytes/sec
total size is 19.46K  speedup is 6.10
Attempt 1: Rsync for filelist /tmp//splits/split.af completed with exit code 23

Number of files: 3 (reg: 3)
Number of created files: 3 (reg: 3)
Number of deleted files: 0
Number of regular files transferred: 3
Total file size: 39.68K bytes
Total transferred file size: 39.68K bytes
Literal data: 39.68K bytes
Matched data: 0 bytes
File list size: 0
File list generation time: 0.036 seconds
File list transfer time: 0.000 seconds
Total bytes sent: 10.47K
Total bytes received: 73

sent 10.47K bytes  received 73 bytes  7.03K bytes/sec
total size is 39.68K  speedup is 3.76
Attempt 1: Rsync for filelist /tmp//splits/split.ad completed with exit code 0

Number of files: 3 (reg: 3)
Number of created files: 0
Number of deleted files: 0
Number of regular files transferred: 0
Total file size: 12.55K bytes
Total transferred file size: 0 bytes
Literal data: 0 bytes
Matched data: 0 bytes
File list size: 0
File list generation time: 0.001 seconds
File list transfer time: 0.000 seconds
Total bytes sent: 173
Total bytes received: 15

sent 173 bytes  received 15 bytes  376.00 bytes/sec
total size is 12.55K  speedup is 66.74
Attempt 2: Rsync for filelist /tmp//splits/split.ab completed with exit code 23

Number of files: 3 (reg: 3)
Number of created files: 0
Number of deleted files: 0
Number of regular files transferred: 0
Total file size: 1.42M bytes
Total transferred file size: 0 bytes
Literal data: 0 bytes
Matched data: 0 bytes
File list size: 0
File list generation time: 0.001 seconds
File list transfer time: 0.000 seconds
Total bytes sent: 188
Total bytes received: 15

sent 188 bytes  received 15 bytes  406.00 bytes/sec
total size is 1.42M  speedup is 6,991.60
Attempt 2: Rsync for filelist /tmp//splits/split.ac completed with exit code 23

Number of files: 3 (reg: 3)
Number of created files: 0
Number of deleted files: 0
Number of regular files transferred: 0
Total file size: 19.46K bytes
Total transferred file size: 0 bytes
Literal data: 0 bytes
Matched data: 0 bytes
File list size: 0
File list generation time: 0.001 seconds
File list transfer time: 0.000 seconds
Total bytes sent: 181
Total bytes received: 15

sent 181 bytes  received 15 bytes  392.00 bytes/sec
total size is 19.46K  speedup is 99.28
Attempt 2: Rsync for filelist /tmp//splits/split.af completed with exit code 23

Number of files: 3 (reg: 3)
Number of created files: 0
Number of deleted files: 0
Number of regular files transferred: 0
Total file size: 601.76K bytes
Total transferred file size: 0 bytes
Literal data: 0 bytes
Matched data: 0 bytes
File list size: 0
File list generation time: 0.001 seconds
File list transfer time: 0.000 seconds
Total bytes sent: 180
Total bytes received: 15

sent 180 bytes  received 15 bytes  390.00 bytes/sec
total size is 601.76K  speedup is 3,085.93
Attempt 2: Rsync for filelist /tmp//splits/split.aa completed with exit code 23
An error has occurred during web site deployment.
Rsync failed in 2 seconds, Error: rsync: [generator] recv_generator: failed to stat &quot;/home/site/wwwroot/build\favicon.ico&quot;: Invalid argument (22)
rsync: [generator] recv_generator: failed to stat &quot;/home/site/wwwroot/build\static\js\main.b07dee4a.js&quot;: Invalid argument (22)
rsync: [generator] recv_generator: failed to stat &quot;/home/site/wwwroot/build\static\css\main.7f18d90d.css.map&quot;: Invalid argument (22)
rsync: [generator] recv_generator: failed to stat &quot;/home/site/wwwroot/build\static\js\main.b07dee4a.js.map&quot;: Invalid argument (22)
rsync: [generator] recv_generator: failed to stat &quot;/home/site/wwwroot/build\manifest.json&quot;: Invalid argument (22)
rsync: [generator] recv_generator: failed to stat &quot;/home/site/wwwroot/build\seas-logo-fullcolor.svg&quot;: Invalid argument (22)
rsync: [generator] recv_generator: failed to stat &quot;/home/site/wwwroot/build\asset-manifest.json&quot;: Invalid argument (22)
rsync: [generator] recv_generator: failed to stat &quot;/home/site/wwwroot/build\index.html&quot;: Invalid argument (22)
rsync: [generator] recv_generator: failed to stat &quot;/home/site/wwwroot/build\static\js\main.b07dee4a.js.LICENSE.txt&quot;: Invalid argument (22)
rsync: [generator] recv_generator: failed to stat &quot;/home/site/wwwroot/build\robots.txt&quot;: Invalid argument (22)
rsync: [generator] recv_generator: failed to stat &quot;/home/site/wwwroot/build\static\css\main.7f18d90d.css&quot;: Invalid argument (22)
rsync error: some files/attrs were not transferred (see previous errors) (code 23) at main.c(1333) [sender=3.2.3]
rsync: [generator] recv_generator: failed to stat &quot;/home/site/wwwroot/build\asset-manifest.json&quot;: Invalid argument (22)
rsync: [generator] recv_generator: failed to stat &quot;/home/site/wwwroot/build\index.html&quot;: Invalid argument (22)
rsync: [generator] recv_generator: failed to stat &quot;/home/site/wwwroot/build\static\js\main.b07dee4a.js.LICENSE.txt&quot;: Invalid argument (22)
rsync error: some files/attrs were not transferred (see previous errors) (code 23) at main.c(1333) [sender=3.2.3]
rsync error: some files/attrs were not transferred (see previous errors) (code 23) at main.c(1333) [sender=3.2.3]
rsync error: some files/attrs were not transferred (see previous errors) (code 23) at main.c(1333) [sender=3.2.3]
rsync error: some files/attrs were not transferred (see previous errors) (code 23) at main.c(1333) [sender=3.2.3]
rsync error: some files/attrs were not transferred (see previous errors) (code 23) at main.c(1333) [sender=3.2.3]
rsync: [generator] recv_generator: failed to stat &quot;/home/site/wwwroot/build\static\css\main.7f18d90d.css.map&quot;: Invalid argument (22)
rsync: [generator] recv_generator: failed to stat &quot;/home/site/wwwroot/build\static\js\main.b07dee4a.js.map&quot;: Invalid argument (22)
rsync: [generator] recv_generator: failed to stat &quot;/home/site/wwwroot/build\manifest.json&quot;: Invalid argument (22)
rsync: [generator] recv_generator: failed to stat &quot;/home/site/wwwroot/build\seas-logo-fullcolor.svg&quot;: Invalid argument (22)
rsync: [generator] recv_generator: failed to stat &quot;/home/site/wwwroot/build\robots.txt&quot;: Invalid argument (22)
rsync: [generator] recv_generator: failed to stat &quot;/home/site/wwwroot/build\static\css\main.7f18d90d.css&quot;: Invalid argument (22)
rsync: [generator] recv_generator: failed to stat &quot;/home/site/wwwroot/build\favicon.ico&quot;: Invalid argument (22)
rsync: [generator] recv_generator: failed to stat &quot;/home/site/wwwroot/build\static\js\main.b07dee4a.js&quot;: Invalid argument (22)
rsync error: some files/attrs were not transferred (see previous errors) (code 23) at main.c(1333) [sender=3.2.3]
rsync error: some files/attrs were not transferred (see previous errors) (code 23) at main.c(1333) [sender=3.2.3]
rsync error: some files/attrs were not transferred (see previous errors) (code 23) at main.c(1333) [sender=3.2.3]
rsync error: some files/attrs were not transferred (see previous errors) (code 23) at main.c(1333) [sender=3.2.3], Kudu.Core.Infrastructure.CommandLineException: rsync: [generator] recv_generator: failed to stat &quot;/home/site/wwwroot/build\favicon.ico&quot;: Invalid argument (22)
rsync: [generator] recv_generator: failed to stat &quot;/home/site/wwwroot/build\static\js\main.b07dee4a.js&quot;: Invalid argument (22)
rsync: [generator] recv_generator: failed to stat &quot;/home/site/wwwroot/build\static\css\main.7f18d90d.css.map&quot;: Invalid argument (22)
rsync: [generator] recv_generator: failed to stat &quot;/home/site/wwwroot/build\static\js\main.b07dee4a.js.map&quot;: Invalid argument (22)
rsync: [generator] recv_generator: failed to stat &quot;/home/site/wwwroot/build\manifest.json&quot;: Invalid argument (22)
rsync: [generator] recv_generator: failed to stat &quot;/home/site/wwwroot/build\seas-logo-fullcolor.svg&quot;: Invalid argument (22)
rsync: [generator] recv_generator: failed to stat &quot;/home/site/wwwroot/build\asset-manifest.json&quot;: Invalid argument (22)
rsync: [generator] recv_generator: failed to stat &quot;/home/site/wwwroot/build\index.html&quot;: Invalid argument (22)
rsync: [generator] recv_generator: failed to stat &quot;/home/site/wwwroot/build\static\js\main.b07dee4a.js.LICENSE.txt&quot;: Invalid argument (22)
rsync: [generator] recv_generator: failed to stat &quot;/home/site/wwwroot/build\robots.txt&quot;: Invalid argument (22)
rsync: [generator] recv_generator: failed to stat &quot;/home/site/wwwroot/build\static\css\main.7f18d90d.css&quot;: Invalid argument (22)
rsync error: some files/attrs were not transferred (see previous errors) (code 23) at main.c(1333) [sender=3.2.3]
rsync: [generator] recv_generator: failed to stat &quot;/home/site/wwwroot/build\asset-manifest.json&quot;: Invalid argument (22)
rsync: [generator] recv_generator: failed to stat &quot;/home/site/wwwroot/build\index.html&quot;: Invalid argument (22)
rsync: [generator] recv_generator: failed to stat &quot;/home/site/wwwroot/build\static\js\main.b07dee4a.js.LICENSE.txt&quot;: Invalid argument (22)
rsync error: some files/attrs were not transferred (see previous errors) (code 23) at main.c(1333) [sender=3.2.3]
rsync error: some files/attrs were not transferred (see previous errors) (code 23) at main.c(1333) [sender=3.2.3]
rsync error: some files/attrs were not transferred (see previous errors) (code 23) at main.c(1333) [sender=3.2.3]
rsync error: some files/attrs were not transferred (see previous errors) (code 23) at main.c(1333) [sender=3.2.3]
rsync error: some files/attrs were not transferred (see previous errors) (code 23) at main.c(1333) [sender=3.2.3]
rsync: [generator] recv_generator: failed to stat &quot;/home/site/wwwroot/build\static\css\main.7f18d90d.css.map&quot;: Invalid argument (22)
rsync: [generator] recv_generator: failed to stat &quot;/home/site/wwwroot/build\static\js\main.b07dee4a.js.map&quot;: Invalid argument (22)
rsync: [generator] recv_generator: failed to stat &quot;/home/site/wwwroot/build\manifest.json&quot;: Invalid argument (22)
rsync: [generator] recv_generator: failed to stat &quot;/home/site/wwwroot/build\seas-logo-fullcolor.svg&quot;: Invalid argument (22)
rsync: [generator] recv_generator: failed to stat &quot;/home/site/wwwroot/build\robots.txt&quot;: Invalid argument (22)
rsync: [generator] recv_generator: failed to stat &quot;/home/site/wwwroot/build\static\css\main.7f18d90d.css&quot;: Invalid argument (22)
rsync: [generator] recv_generator: failed to stat &quot;/home/site/wwwroot/build\favicon.ico&quot;: Invalid argument (22)
rsync: [generator] recv_generator: failed to stat &quot;/home/site/wwwroot/build\static\js\main.b07dee4a.js&quot;: Invalid argument (22)
rsync error: some files/attrs were not transferred (see previous errors) (code 23) at main.c(1333) [sender=3.2.3]
rsync error: some files/attrs were not transferred (see previous errors) (code 23) at main.c(1333) [sender=3.2.3]
rsync error: some files/attrs were not transferred (see previous errors) (code 23) at main.c(1333) [sender=3.2.3]
rsync error: some files/attrs were not transferred (see previous errors) (code 23) at main.c(1333) [sender=3.2.3]
/opt/Kudu/Scripts/starter.sh /opt/Kudu/Scripts/parallel_rsync.sh /tmp/zipdeploy/extracted /home/site/wwwroot 8 /tmp/ False True  
   at Kudu.Core.Infrastructure.Executable.ExecuteInternal(ITracer tracer, Func`2 onWriteOutput, Func`2 onWriteError, CancellationToken token, Encoding encoding, String arguments, Object[] args) in /tmp/KuduLite/Kudu.Core/Infrastructure/Executable.cs:line 239
   at Kudu.Core.Infrastructure.Executable.ExecuteWithProgressWriter(ILogger logger, ITracer tracer, CancellationToken token, String arguments, Object[] args) in /tmp/KuduLite/Kudu.Core/Infrastructure/Executable.cs:line 118
   at Kudu.Core.Deployment.Generator.ExternalCommandBuilder.RunCommand(DeploymentContext context, String command, Boolean ignoreManifest, CancellationToken token, String message) in /tmp/KuduLite/Kudu.Core/Deployment/Generator/ExternalCommandBuilder.cs:line 122
   at Kudu.Core.Deployment.Generator.GeneratorSiteBuilder.Build(DeploymentContext context, CancellationToken token) in /tmp/KuduLite/Kudu.Core/Deployment/Generator/GeneratorSiteBuilder.cs:line 70" /><!-- duration: 16ms -->
              <step title="Generating deployment script" date="2025-10-22T09:23:40.248" >
                <step title="Executing external process" date="2025-10-22T09:23:40.384" type="process" path="starter.sh" arguments="&quot;/opt/Kudu/node_modules/.bin/kuduscript&quot; -y --no-dot-deployment -r &quot;/tmp/zipdeploy/extracted&quot; -o &quot;/home/site/deployments/tools&quot; --basic --sitePath &quot;/tmp/zipdeploy/extracted&quot;" /><!-- duration: 768ms -->
                <step title="Saved cached version of the deployment script for command -y --no-dot-deployment -r &quot;/tmp/zipdeploy/extracted&quot; -o &quot;/home/site/deployments/tools&quot; --basic --sitePath &quot;/tmp/zipdeploy/extracted&quot;" date="2025-10-22T09:23:41.285" /><!-- duration: 9ms -->
              </step><!-- duration: 1062ms -->
              <step title="Executing external process" date="2025-10-22T09:23:41.579" type="process" path="starter.sh" arguments="&quot;/home/site/deployments/tools/deploy.sh&quot;" >
                <step title="Process dump" date="2025-10-22T09:23:42.383" exitCode="1" type="processOutput" /><!-- duration: 19ms -->
              </step><!-- duration: 832ms -->
              <step title="Error occurred" date="2025-10-22T09:23:42.448" type="error" text="
/opt/Kudu/Scripts/starter.sh &quot;/home/site/deployments/tools/deploy.sh&quot;" stackTrace="   at Kudu.Core.Infrastructure.Executable.ExecuteInternal(ITracer tracer, Func`2 onWriteOutput, Func`2 onWriteError, CancellationToken token, Encoding encoding, String arguments, Object[] args) in /tmp/KuduLite/Kudu.Core/Infrastructure/Executable.cs:line 239
   at Kudu.Core.Infrastructure.Executable.ExecuteWithProgressWriter(ILogger logger, ITracer tracer, CancellationToken token, String arguments, Object[] args) in /tmp/KuduLite/Kudu.Core/Infrastructure/Executable.cs:line 118
   at Kudu.Core.Deployment.Generator.ExternalCommandBuilder.RunCommand(DeploymentContext context, String command, Boolean ignoreManifest, CancellationToken token, String message) in /tmp/KuduLite/Kudu.Core/Deployment/Generator/ExternalCommandBuilder.cs:line 122" /><!-- duration: 22ms -->
              <step title="Error occurred" date="2025-10-22T09:23:42.495" type="error" text="
/opt/Kudu/Scripts/starter.sh &quot;/home/site/deployments/tools/deploy.sh&quot;" stackTrace="   at Kudu.Core.Infrastructure.Executable.ExecuteInternal(ITracer tracer, Func`2 onWriteOutput, Func`2 onWriteError, CancellationToken token, Encoding encoding, String arguments, Object[] args) in /tmp/KuduLite/Kudu.Core/Infrastructure/Executable.cs:line 239
   at Kudu.Core.Infrastructure.Executable.ExecuteWithProgressWriter(ILogger logger, ITracer tracer, CancellationToken token, String arguments, Object[] args) in /tmp/KuduLite/Kudu.Core/Infrastructure/Executable.cs:line 118
   at Kudu.Core.Deployment.Generator.ExternalCommandBuilder.RunCommand(DeploymentContext context, String command, Boolean ignoreManifest, CancellationToken token, String message) in /tmp/KuduLite/Kudu.Core/Deployment/Generator/ExternalCommandBuilder.cs:line 122
   at Kudu.Core.Deployment.Generator.GeneratorSiteBuilder.Build(DeploymentContext context, CancellationToken token) in /tmp/KuduLite/Kudu.Core/Deployment/Generator/GeneratorSiteBuilder.cs:line 96
--- End of stack trace from previous location ---
   at Kudu.Core.Deployment.DeploymentManager.Build(ChangeSet changeSet, ITracer tracer, IDisposable deployStep, IRepository repository, DeploymentInfoBase deploymentInfo, DeploymentAnalytics deploymentAnalytics, Boolean fullBuildByDefault, CancellationToken cancellationToken) in /tmp/KuduLite/Kudu.Core/Deployment/DeploymentManager.cs:line 771" /><!-- duration: 14ms -->
            </step><!-- duration: 13794ms -->
          </step><!-- duration: 14154ms -->
          <step title="Error occurred" date="2025-10-22T09:23:43.013" type="error" text="
/opt/Kudu/Scripts/starter.sh &quot;/home/site/deployments/tools/deploy.sh&quot;" stackTrace="   at Kudu.Core.Infrastructure.Executable.ExecuteInternal(ITracer tracer, Func`2 onWriteOutput, Func`2 onWriteError, CancellationToken token, Encoding encoding, String arguments, Object[] args) in /tmp/KuduLite/Kudu.Core/Infrastructure/Executable.cs:line 239
   at Kudu.Core.Infrastructure.Executable.ExecuteWithProgressWriter(ILogger logger, ITracer tracer, CancellationToken token, String arguments, Object[] args) in /tmp/KuduLite/Kudu.Core/Infrastructure/Executable.cs:line 118
   at Kudu.Core.Deployment.Generator.ExternalCommandBuilder.RunCommand(DeploymentContext context, String command, Boolean ignoreManifest, CancellationToken token, String message) in /tmp/KuduLite/Kudu.Core/Deployment/Generator/ExternalCommandBuilder.cs:line 122
   at Kudu.Core.Deployment.Generator.GeneratorSiteBuilder.Build(DeploymentContext context, CancellationToken token) in /tmp/KuduLite/Kudu.Core/Deployment/Generator/GeneratorSiteBuilder.cs:line 96
--- End of stack trace from previous location ---
   at Kudu.Core.Deployment.DeploymentManager.Build(ChangeSet changeSet, ITracer tracer, IDisposable deployStep, IRepository repository, DeploymentInfoBase deploymentInfo, DeploymentAnalytics deploymentAnalytics, Boolean fullBuildByDefault, CancellationToken cancellationToken) in /tmp/KuduLite/Kudu.Core/Deployment/DeploymentManager.cs:line 771
   at Kudu.Core.Deployment.DeploymentManager.Build(ChangeSet changeSet, ITracer tracer, IDisposable deployStep, IRepository repository, DeploymentInfoBase deploymentInfo, DeploymentAnalytics deploymentAnalytics, Boolean fullBuildByDefault, CancellationToken cancellationToken) in /tmp/KuduLite/Kudu.Core/Deployment/DeploymentManager.cs:line 840" /><!-- duration: 11ms -->
          <step title="Cleaning up temp files" date="2025-10-22T09:23:43.123" /><!-- duration: 22ms -->
          <step title="Cleaning up temp files" date="2025-10-22T09:23:43.177" /><!-- duration: 534ms -->
          <step title="Error occurred" date="2025-10-22T09:23:43.797" type="error" text="
/opt/Kudu/Scripts/starter.sh &quot;/home/site/deployments/tools/deploy.sh&quot;" stackTrace="   at Kudu.Core.Infrastructure.Executable.ExecuteInternal(ITracer tracer, Func`2 onWriteOutput, Func`2 onWriteError, CancellationToken token, Encoding encoding, String arguments, Object[] args) in /tmp/KuduLite/Kudu.Core/Infrastructure/Executable.cs:line 239
   at Kudu.Core.Infrastructure.Executable.ExecuteWithProgressWriter(ILogger logger, ITracer tracer, CancellationToken token, String arguments, Object[] args) in /tmp/KuduLite/Kudu.Core/Infrastructure/Executable.cs:line 118
   at Kudu.Core.Deployment.Generator.ExternalCommandBuilder.RunCommand(DeploymentContext context, String command, Boolean ignoreManifest, CancellationToken token, String message) in /tmp/KuduLite/Kudu.Core/Deployment/Generator/ExternalCommandBuilder.cs:line 122
   at Kudu.Core.Deployment.Generator.GeneratorSiteBuilder.Build(DeploymentContext context, CancellationToken token) in /tmp/KuduLite/Kudu.Core/Deployment/Generator/GeneratorSiteBuilder.cs:line 96
--- End of stack trace from previous location ---
   at Kudu.Core.Deployment.DeploymentManager.Build(ChangeSet changeSet, ITracer tracer, IDisposable deployStep, IRepository repository, DeploymentInfoBase deploymentInfo, DeploymentAnalytics deploymentAnalytics, Boolean fullBuildByDefault, CancellationToken cancellationToken) in /tmp/KuduLite/Kudu.Core/Deployment/DeploymentManager.cs:line 771
   at Kudu.Core.Deployment.DeploymentManager.Build(ChangeSet changeSet, ITracer tracer, IDisposable deployStep, IRepository repository, DeploymentInfoBase deploymentInfo, DeploymentAnalytics deploymentAnalytics, Boolean fullBuildByDefault, CancellationToken cancellationToken) in /tmp/KuduLite/Kudu.Core/Deployment/DeploymentManager.cs:line 840
   at Kudu.Core.Deployment.DeploymentManager.DeployAsync(IRepository repository, ChangeSet changeSet, String deployer, Boolean clean, DeploymentInfoBase deploymentInfo, Boolean needFileUpdate, Boolean fullBuildByDefault) in /tmp/KuduLite/Kudu.Core/Deployment/DeploymentManager.cs:line 266" /><!-- duration: 11ms -->
        </step><!-- duration: 15222ms -->
        <step title="Reloading status file with latest updates" date="2025-10-22T09:23:43.896" >
          <step title="WebHooksManager.PublishEventAsync: PostDeployment" date="2025-10-22T09:23:43.909" /><!-- duration: 107ms -->
        </step><!-- duration: 165ms -->
        <step title="Error occurred" date="2025-10-22T09:23:44.070" type="error" text="
/opt/Kudu/Scripts/starter.sh &quot;/home/site/deployments/tools/deploy.sh&quot;" stackTrace="   at Kudu.Core.Infrastructure.Executable.ExecuteInternal(ITracer tracer, Func`2 onWriteOutput, Func`2 onWriteError, CancellationToken token, Encoding encoding, String arguments, Object[] args) in /tmp/KuduLite/Kudu.Core/Infrastructure/Executable.cs:line 239
   at Kudu.Core.Infrastructure.Executable.ExecuteWithProgressWriter(ILogger logger, ITracer tracer, CancellationToken token, String arguments, Object[] args) in /tmp/KuduLite/Kudu.Core/Infrastructure/Executable.cs:line 118
   at Kudu.Core.Deployment.Generator.ExternalCommandBuilder.RunCommand(DeploymentContext context, String command, Boolean ignoreManifest, CancellationToken token, String message) in /tmp/KuduLite/Kudu.Core/Deployment/Generator/ExternalCommandBuilder.cs:line 122
   at Kudu.Core.Deployment.Generator.GeneratorSiteBuilder.Build(DeploymentContext context, CancellationToken token) in /tmp/KuduLite/Kudu.Core/Deployment/Generator/GeneratorSiteBuilder.cs:line 96
--- End of stack trace from previous location ---
   at Kudu.Core.Deployment.DeploymentManager.Build(ChangeSet changeSet, ITracer tracer, IDisposable deployStep, IRepository repository, DeploymentInfoBase deploymentInfo, DeploymentAnalytics deploymentAnalytics, Boolean fullBuildByDefault, CancellationToken cancellationToken) in /tmp/KuduLite/Kudu.Core/Deployment/DeploymentManager.cs:line 771
   at Kudu.Core.Deployment.DeploymentManager.Build(ChangeSet changeSet, ITracer tracer, IDisposable deployStep, IRepository repository, DeploymentInfoBase deploymentInfo, DeploymentAnalytics deploymentAnalytics, Boolean fullBuildByDefault, CancellationToken cancellationToken) in /tmp/KuduLite/Kudu.Core/Deployment/DeploymentManager.cs:line 840
   at Kudu.Core.Deployment.DeploymentManager.DeployAsync(IRepository repository, ChangeSet changeSet, String deployer, Boolean clean, DeploymentInfoBase deploymentInfo, Boolean needFileUpdate, Boolean fullBuildByDefault) in /tmp/KuduLite/Kudu.Core/Deployment/DeploymentManager.cs:line 266" /><!-- duration: 12ms -->
        <step title="Marking deployment as failed and cleaning up the temp deployment" date="2025-10-22T09:23:44.145" /><!-- duration: 9ms -->
      </step><!-- duration: 17943ms -->
      <step title="Error occurred" date="2025-10-22T09:23:44.441" type="error" text="One or more errors occurred. (Deployment failed)" stackTrace="   at System.Threading.Tasks.Task.ThrowIfExceptional(Boolean includeTaskCanceledExceptions)
   at System.Threading.Tasks.Task.Wait(Int32 millisecondsTimeout, CancellationToken cancellationToken)
   at System.Threading.Tasks.Task.Wait()
   at Kudu.Core.Deployment.FetchDeploymentManager.&lt;&gt;c__DisplayClass22_1.&lt;PerformBackgroundDeployment&gt;b__3() in /tmp/KuduLite/Kudu.Core/Deployment/FetchDeploymentManager.cs:line 414
   at Kudu.Contracts.Infrastructure.LockExtensions.TryLockOperation(IOperationLock lockObj, Action operation, String operationName, TimeSpan timeout) in /tmp/KuduLite/Kudu.Contracts/Infrastructure/LockExtensions.cs:line 34
   at Kudu.Contracts.Infrastructure.LockExtensions.LockOperation(IOperationLock lockObj, Action operation, String operationName, TimeSpan timeout) in /tmp/KuduLite/Kudu.Contracts/Infrastructure/LockExtensions.cs:line 46
   at Kudu.Core.Deployment.FetchDeploymentManager.&lt;&gt;c__DisplayClass22_0.&lt;PerformBackgroundDeployment&gt;b__1() in /tmp/KuduLite/Kudu.Core/Deployment/FetchDeploymentManager.cs:line 393" innerText="Deployment failed" innerStackTrace="   at Kudu.Core.Deployment.DeploymentManager.DeployAsync(IRepository repository, ChangeSet changeSet, String deployer, Boolean clean, DeploymentInfoBase deploymentInfo, Boolean needFileUpdate, Boolean fullBuildByDefault) in /tmp/KuduLite/Kudu.Core/Deployment/DeploymentManager.cs:line 307
   at Kudu.Core.Deployment.FetchDeploymentManager.PerformDeployment(DeploymentInfoBase deploymentInfo, IDisposable tempDeployment, ChangeSet tempChangeSet, DeployStatusApiResult updateStatusObj) in /tmp/KuduLite/Kudu.Core/Deployment/FetchDeploymentManager.cs:line 230" /><!-- duration: 8ms -->
    </step><!-- duration: 18033ms -->
