<step title="Incoming Request" date="2025-10-22T09:41:43.018" instance="f20fe8" url="/api/publish?type=zip" method="POST" type="request" pid="772,1,7" Accept="*/*" Host="microhack-dev-app.scm.azurewebsites.net" User-Agent="AZURECLI/2.78.0 (MSI)" Accept-Encoding="gzip, deflate" Authorization="Bas..." Cache-Control="no-cache" Content-Type="application/octet-stream" Cookie="ARRAffinity=f20fe810224d364e4279d1d97f3c452458e8d39011dcabb935046bd36e0b8b30; ARRAffinitySameSite=f20fe810224d364e4279d1d97f3c452458e8d39011dcabb935046bd36e0b8b30" Content-Length="78504" x-ms-client-request-id="45e19997-af2b-11f0-b154-5084928b096f" x-ms-artifact-checksum="3d005316d68498b024b7891cf5ae205e7da0bb76a86600932f16edc4b5d043ca" X-ARR-LOG-ID="45e19997-af2b-11f0-b154-5084928b096f" CLIENT-IP="212.37.64.13:55104" X-SITE-DEPLOYMENT-ID="microhack-dev-app" WAS-DEFAULT-HOSTNAME="microhack-dev-app.scm.azurewebsites.net" X-Forwarded-Proto="https" X-AppService-Proto="https" X-Forwarded-TlsVersion="1.3" X-WAWS-Unencoded-URL="/api/publish?type=zip" X-Client-IP="212.37.64.13" X-Client-Port="55104" >
  <step title="Cleanup Xml Logs" date="2025-10-22T09:41:43.029" /><!-- duration: 42ms -->
  <step title="OneDeploy" date="2025-10-22T09:41:43.530" >
    <step title="None repository commit" date="2025-10-22T09:41:43.571" >
      <step title="Commit id: 33425c1c-e282-4f4a-8a9f-1d8faafb58ce" date="2025-10-22T09:41:43.598" Message="N/A" AuthorName="N/A" AuthorEmail="N/A" /><!-- duration: 27ms -->
    </step><!-- duration: 80ms -->
    <step title="Starting PushDeployAsync" date="2025-10-22T09:41:43.672" /><!-- duration: 71ms -->
    <step title="Writing artifact to /tmp/zipdeploy/22b6a2a8-e59f-4df7-a58a-4dad412f31a3.zip" date="2025-10-22T09:41:43.837" >
      <step title="Writing multipart request body to /tmp/zipdeploy/22b6a2a8-e59f-4df7-a58a-4dad412f31a3.zip" date="2025-10-22T09:41:43.884" /><!-- duration: 29ms -->
    </step><!-- duration: 372ms -->
    <step title="Attempting to fetch target branch HEAD" date="2025-10-22T09:41:44.533" /><!-- duration: 31ms -->
    <step title="Acquiring Deployment Lock" date="2025-10-22T09:41:44.628" /><!-- duration: 36ms -->
    <step title="Acquired Deployment Lock" date="2025-10-22T09:41:44.895" /><!-- duration: 65ms -->
    <step title="Performing fetch based deployment" date="2025-10-22T09:41:45.020" >
      <step title="Creating temporary deployment" date="2025-10-22T09:41:45.096" /><!-- duration: 90ms -->
      <step title="Releasing Deployment Lock" date="2025-10-22T09:41:46.732" /><!-- duration: 27ms -->
      <step title="Cleaning up temp folders from previous zip deployments and extracting pushed zip file /tmp/zipdeploy/22b6a2a8-e59f-4df7-a58a-4dad412f31a3.zip (0.07 MB) to /tmp/zipdeploy/extracted" date="2025-10-22T09:41:46.852" >
        <step title="ChmodRecursive Process exited with total time taken in ms: 198" date="2025-10-22T09:41:47.180" /><!-- duration: 12ms -->
      </step><!-- duration: 348ms -->
      <step title="None repository commit" date="2025-10-22T09:41:47.225" >
        <step title="Commit id: 33425c1c-e282-4f4a-8a9f-1d8faafb58ce" date="2025-10-22T09:41:47.262" Message="OneDeploy" AuthorName="N/A" AuthorEmail="N/A" /><!-- duration: 11ms -->
      </step><!-- duration: 56ms -->
      <step title="Deployment timer started" date="2025-10-22T09:41:49.319" >
        <step title="DeploymentManager.Deploy(id:33425c1c-e282-4f4a-8a9f-1d8faafb58ce)" date="2025-10-22T09:41:49.348" >
          <step title="Collecting changeset information" date="2025-10-22T09:41:49.459" /><!-- duration: 329ms -->
          <step title="Updating submodules" date="2025-10-22T09:41:49.825" /><!-- duration: 1305ms -->
          <step title="Determining deployment builder" date="2025-10-22T09:41:51.582" >
            <step title="Builder is OneDeployBuilder" date="2025-10-22T09:41:51.684" /><!-- duration: 18ms -->
          </step><!-- duration: 141ms -->
          <step title="PreDeployment: context.CleanOutputPath False" date="2025-10-22T09:41:51.861" >
            <step title="PreDeployment: context.OutputPath /home/site/wwwroot" date="2025-10-22T09:41:52.249" >
              <step title="Building" date="2025-10-22T09:41:52.698" >
                <step title="Executing external process" date="2025-10-22T09:41:53.677" type="process" path="starter.sh" arguments="/opt/Kudu/Scripts/parallel_rsync.sh /tmp/zipdeploy/extracted /home/site/wwwroot 8 /tmp/ False False  " /><!-- duration: 24614ms -->
                <step title="Modified file to trigger a restart of the app container." date="2025-10-22T09:42:19.903" /><!-- duration: 24ms -->
                <step title="Skip function trigger and logicapp sync because function is not enabled." date="2025-10-22T09:42:19.942" /><!-- duration: 35ms -->
                <step title="Purge deployment items" date="2025-10-22T09:42:22.531" >
                  <step title="Remove 4c51df87-, Failed, received at 10/22/2025 09:27:03" date="2025-10-22T09:42:22.939" /><!-- duration: 45ms -->
                </step><!-- duration: 490ms -->
              </step><!-- duration: 30519ms -->
            </step><!-- duration: 31093ms -->
            <step title="Cleaning up temp files" date="2025-10-22T09:42:23.403" /><!-- duration: 56ms -->
            <step title="Cleaning up temp files" date="2025-10-22T09:42:23.486" /><!-- duration: 621ms -->
            <step title="Reloading status file with latest updates" date="2025-10-22T09:42:24.284" >
              <step title="WebHooksManager.PublishEventAsync: PostDeployment" date="2025-10-22T09:42:24.329" /><!-- duration: 552ms -->
            </step><!-- duration: 631ms -->
            <step title="Cleaning up temporary deployment - fetch deployment was successful" date="2025-10-22T09:42:24.963" /><!-- duration: 26ms -->
          </step><!-- duration: 33370ms -->
        </step><!-- duration: 36170ms -->
        <step title="Outgoing response" date="2025-10-22T09:42:25.782" type="response" statusCode="200" statusText="OK" /><!-- duration: 25ms -->
      </step><!-- duration: 36511ms -->
